{"arquivo_bg":"Resources/img/textures/backgrounds/bg_fase_b.png","arquivo_mapa":"Resources/maps/fase_b.tmx","arquivo_tileset":"Resources/maps/tileset64.png","pos_inimigos_x":[716.1145629882813,929.9812622070313,1568.8740234375,2194.423583984375,2204.84375,2411.63525390625,2676.0517578125,3230.75048828125,3927.21630859375,4577.37109375,5488.73583984375,5729.29931640625,5891.74169921875,6259.62353515625,6916.83837890625],"pos_inimigos_y":[751.6788940429688,238.77578735351563,110.76025390625,296.88275146484375,685.061767578125,685.061767578125,685.061767578125,100.60235595703125,100.87142944335938,590.79345703125,112.93325805664063,300.87359619140625,749.0994873046875,749.0994873046875,175.27206420898438],"pos_obstaculos_x":[150.11465454101563,282.2528381347656,452.26763916015625,1006.5784301757813,1314.9083251953125,763.2587280273438,1473.41943359375,2343.048828125,2915.3779296875,2915.3779296875,2569.045654296875,3636.38818359375,4350.2373046875,5186.1025390625,5240.85986328125,5946.521484375,5506.20751953125,6630.7509765625,6152.36474609375,8284.1533203125,8623.0791015625,8700.6923828125,8921.0712890625],"pos_obstaculos_y":[647.3799438476563,647.3799438476563,901.1336669921875,901.1336669921875,641.33984375,390.8627624511719,644.9085083007813,449.0021057128906,838.0656127929688,579.0892944335938,324.1941223144531,325.2557067871094,774.2337036132813,711.8021240234375,521.93603515625,514.5048217773438,903.56884765625,903.56884765625,514.7018432617188,582.0886840820313,837.3199462890625,837.3199462890625,709.3648681640625],"pos_x_p_a":173.0,"pos_x_p_b":317.0,"pos_x_win":9542.0,"pos_y_p_a":59.0,"pos_y_p_b":59.0, "pos_x_boss": 7900, "pos_y_boss":350.3}
