{"arquivo_bg":"Resources/img/textures/backgrounds/bg_fase_a.png","arquivo_mapa":"Resources/maps/fase_a.tmx","arquivo_tileset":"Resources/maps/tileset64.png","pos_inimigos_x":[650.0,650.0,1605.4530029296875,2323.430908203125,2833.203125,3555.70947265625,4354.533203125,6229.56689453125,6646.9111328125,8533.2880859375,2601.681396484375,3631.726318359375,4862.95947265625,5538.99365234375,6493.32275390625,7155.44921875,9091.9560546875],"pos_inimigos_y":[2490.0,1570.0,749.103515625,684.9754638671875,684.9754638671875,431.12554931640625,621.9002075195313,687.761962890625,687.761962890625,686.048828125,682.8378295898438,432.80218505859375,363.611083984375,239.8330078125,685.72265625,430.224609375,299.984375],"pos_obstaculos_x":[228.35409545898438,358.7294616699219,879.1386108398438,1346.0950927734375,1999.5245361328125,2292.599609375,2563.18408203125,2932.53759765625,3118.86083984375,3794.34130859375,4031.537841796875,4558.21923828125,4893.7255859375,5448.494140625,6018.37841796875,6902.705078125,7108.904296875,7725.0224609375,8792.5986328125,9058.861328125],"pos_obstaculos_y":[900.1826171875,900.1826171875,900.1826171875,902.2988891601563,834.9636840820313,584.0992431640625,584.0992431640625,389.8819580078125,837.7488403320313,583.566650390625,774.6728515625,774.6728515625,514.9483642578125,389.7350769042969,838.4288940429688,838.4288940429688,583.158203125,776.688720703125,836.8978881835938,452.12322998046875],"pos_x_p_a":425.0,"pos_x_p_b":315.0,"pos_x_win":9500.0,"pos_y_p_a":570.0,"pos_y_p_b":570.0, "pos_x_boss": 0, "pos_y_boss":0}
